...Fetching Employees,...Fetching Contractors
<b>Base</b> amount has not been set for the following employee(s): {0},<b>Base</b> amount has not been set for the following contractor(s): {0}
Active Employees,Active Contractors
Active employees,Active contractors
Add Employee Property,Add Contractor Property
Additional Salary for referral bonus can only be created against Employee Referral with status {0},Additional Salary for referral bonus can only be created against Contractor Referral with status {0}
Advance Account {} currency should be same as Salary Currency of Employee {}. Please select same currency Advance Account,Advance Account {} currency should be same as Salary Currency of Contractor {}. Please select same currency Advance Account
All the mandatory tasks for employee creation are not completed yet.,All the mandatory tasks for contractor creation are not completed yet.
Allocate leaves to {0} employee(s)?,Allocate leaves to {0} contractor(s)?
Allow Employee Checkin from Mobile App,Allow Contractor Checkin from Mobile App
An Arrear document already exists for employee {0} with salary structure {1} in payroll period {2},An Arrear document already exists for contractor {0} with salary structure {1} in payroll period {2}
Applicable in the case of Employee Onboarding,Applicable in the case of Contractor Onboarding
Appraisal {0} already exists for Employee {1} for this Appraisal Cycle or overlapping period,Appraisal {0} already exists for Contractor {1} for this Appraisal Cycle or overlapping period
Appraisal {0} does not belong to Employee {1},Appraisal {0} does not belong to Contractor {1}
Approve and close this employee week?,Approve and close this contractor week?
Are you sure you want to reject the Employee Referral?,Are you sure you want to reject the Contractor Referral?
Assign Salary Structure to {0} employee(s)?,Assign Salary Structure to {0} contractor(s)?
Attendance date {0} can not be less than employee {1}'s joining date: {2},Attendance date {0} can not be less than contractor {1}'s joining date: {2}
Attendance for all the employees under this criteria has been marked already.,Attendance for all the contractors under this criteria has been marked already.
Attendance for employee {0} is already marked for an overlapping shift {1}: {2},Attendance for contractor {0} is already marked for an overlapping shift {1}: {2}
Attendance for employee {0} is already marked for the date {1}: {2},Attendance for contractor {0} is already marked for the date {1}: {2}
Attendance for employee {0} is already marked for the following dates: {1},Attendance for contractor {0} is already marked for the following dates: {1}
Attendance from {0} to {1} has already been marked for the Employee {2},Attendance from {0} to {1} has already been marked for the Contractor {2}
"Automatically fetches all assets allocated to the employee, if any","Automatically fetches all assets allocated to the contractor, if any"
Bulk attendance marking is already in progress for employee {0}. You can monitor the job status {1},Bulk attendance marking is already in progress for contractor {0}. You can monitor the job status {1}
CTC Missing for Employee,CTC Missing for Contractor
Cannot cancel Shift Assignment: {0} as it is linked to Employee Checkin: {1},Cannot cancel Shift Assignment: {0} as it is linked to Contractor Checkin: {1}
Cannot create Salary Slip for Employee joining after Payroll Period,Cannot create Salary Slip for Contractor joining after Payroll Period
Cannot create Salary Slip for Employee who has left before Payroll Period,Cannot create Salary Slip for Contractor who has left before Payroll Period
Cannot mark attendance for an Inactive employee {0},Cannot mark attendance for an Inactive contractor {0}
Cannot submit. Attendance is not marked for some employees.,Cannot submit. Attendance is not marked for some contractors.
Claimed amount of employee {0} exceeds maximum amount eligible for claim {1},Claimed amount of contractor {0} exceeds maximum amount eligible for claim {1}
Claimed amount of employee {0} should be greater than 0,Claimed amount of contractor {0} should be greater than 0
Create Employee,Create Contractor
Create New Employee Id,Create New Contractor Id
Create Overtime Slip For Eligible Employee(s),Create Overtime Slip For Eligible Contractor(s)
Criteria based on which employee should be rated in Performance Feedback and Self Appraisal,Criteria based on which contractor should be rated in Performance Feedback and Self Appraisal
Default Employee Advance Account,Default Contractor Advance Account
Earned Leaves are leaves earned by an Employee after working with the company for a certain amount of time. Enabling this will allocate leaves on pro-rata basis by automatically updating Leave Allocation for leaves of this type at intervals set by 'Earned Leave Frequency.,Earned Leaves are leaves earned by a Contractor after working with the company for a certain amount of time. Enabling this will allocate leaves on pro-rata basis by automatically updating Leave Allocation for leaves of this type at intervals set by 'Earned Leave Frequency.
Earning Salary Component is required for Employee Referral Bonus.,Earning Salary Component is required for Contractor Referral Bonus.
Email Salary Slip to Employee,Email Salary Slip to Contractor
Emails salary slip to employee based on preferred email selected in Employee,Emails salary slip to contractor based on preferred email selected in Contractor
Employee,Contractor
Employee A/C Number,Contractor A/C Number
Employee Advance,Contractor Advance
Employee Advance Account,Contractor Advance Account
Employee Advance Balance,Contractor Advance Balance
Employee Advance Summary,Contractor Advance Summary
Employee Advances,Contractor Advances
Employee Analytics,Contractor Analytics
Employee Attendance Tool,Contractor Attendance Tool
Employee Benefit Application,Contractor Benefit Application
Employee Benefit Application Detail,Contractor Benefit Application Detail
Employee Benefit Claim,Contractor Benefit Claim
Employee Benefit Detail,Contractor Benefit Detail
Employee Benefit Ledger,Contractor Benefit Ledger
Employee Benefits,Contractor Benefits
Employee Birthday,Contractor Birthday
Employee Boarding Activity,Contractor Boarding Activity
Employee Booking Settings,Contractor Booking Settings
Employee CTC Break-up,Contractor CTC Break-up
Employee Checkin,Contractor Checkin
Employee Checkin History,Contractor Checkin History
Employee Company,Contractor Company
Employee Confirmation Hash,Contractor Confirmation Hash
Employee Confirmed At,Contractor Confirmed At
Employee Confirmed By,Contractor Confirmed By
Employee Cost Center,Contractor Cost Center
Employee Details,Contractor Details
Employee Emails,Contractor Emails
Employee Exit,Contractor Exit
Employee Exit Settings,Contractor Exit Settings
Employee Exits,Contractor Exits
Employee Exits (This Year),Contractor Exits (This Year)
Employee Feedback Criteria,Contractor Feedback Criteria
Employee Feedback Rating,Contractor Feedback Rating
Employee Grade,Contractor Grade
Employee Grievance,Contractor Grievance
Employee Group,Contractor Group
Employee Health Insurance,Contractor Health Insurance
Employee Holiday,Contractor Holiday
Employee Holiday Date,Contractor Holiday Date
Employee Hours Utilization,Contractor Hours Utilization
Employee Hours Utilization Based On Timesheet,Contractor Hours Utilization Based On Timesheet
Employee ID,Contractor ID
Employee Image,Contractor Image
Employee Incentive,Contractor Incentive
Employee Info,Contractor Info
Employee Information,Contractor Information
Employee Invoice,Invoice
Employee Invoice Adjustment,Invoice Adjustment
Employee Invoice Time Summary,Invoice Time Summary
Employee Invoices,Invoices
Employee Leave Approver,Contractor Leave Approver
Employee Leave Balance,Contractor Leave Balance
Employee Leave Balance Summary,Contractor Leave Balance Summary
Employee Loan,Contractor Loan
Employee Name,Contractor Name
Employee Naming By,Contractor Naming By
Employee Notes,Contractor Notes
Employee Number,Contractor Number
Employee Onboarding,Contractor Onboarding
Employee Onboarding Template,Contractor Onboarding Template
Employee Onboarding: {0} already exists for Job Applicant: {1},Contractor Onboarding: {0} already exists for Job Applicant: {1}
Employee Other Income,Contractor Other Income
Employee Performance Feedback,Contractor Performance Feedback
Employee Profile,Contractor Profile
Employee Promotion,Contractor Promotion
Employee Promotion Details,Contractor Promotion Details
Employee Promotion cannot be submitted before Promotion Date,Contractor Promotion cannot be submitted before Promotion Date
Employee Property History,Contractor Property History
Employee Referral,Contractor Referral
Employee Referral {0} already exists for email: {1},Contractor Referral {0} already exists for email: {1}
Employee Referral {0} is not applicable for referral bonus.,Contractor Referral {0} is not applicable for referral bonus.
Employee Referrals,Contractor Referrals
Employee Responsible,Contractor Responsible
Employee Retained,Contractor Retained
Employee Schedule,Contractor Schedule
Employee Schedule Day,Contractor Schedule Day
Employee Separation,Contractor Separation
Employee Separation Template,Contractor Separation Template
Employee Settings,Contractor Settings
Employee Skill,Contractor Skill
Employee Skill Map,Contractor Skill Map
Employee Skills,Contractor Skills
Employee Status,Contractor Status
Employee Tax Exemption Category,Contractor Tax Exemption Category
Employee Tax Exemption Declaration,Contractor Tax Exemption Declaration
Employee Tax Exemption Declaration Category,Contractor Tax Exemption Declaration Category
Employee Tax Exemption Proof Submission,Contractor Tax Exemption Proof Submission
Employee Tax Exemption Proof Submission Detail,Contractor Tax Exemption Proof Submission Detail
Employee Tax Exemption Sub Category,Contractor Tax Exemption Sub Category
Employee Training,Contractor Training
Employee Transfer,Contractor Transfer
Employee Transfer Detail,Contractor Transfer Detail
Employee Transfer Details,Contractor Transfer Details
Employee Transfer cannot be submitted before Transfer Date,Contractor Transfer cannot be submitted before Transfer Date
Employee User,Contractor User
Employee advance account {0} should be of type {1}.,Contractor advance account {0} should be of type {1}.
"Employee can be named by Employee ID if you assign one, or via Naming Series. Select your preference here.","Contractor can be named by Contractor ID if you assign one, or via Naming Series. Select your preference here."
Employee confirmed; HR review is next.,Contractor confirmed; HR review is next.
Employee invoice drafts are private.,Invoice drafts are private.
Employee must revise and resubmit.,Contractor must revise and resubmit.
Employee name,Contractor name
Employee not found,Contractor not found
Employee notes,Contractor notes
Employee records are created using the selected option,Contractor records are created using the selected option
Employee was marked Absent due to missing Employee Checkins.,Contractor was marked Absent due to missing Contractor Checkins.
Employee was marked Absent for not meeting the working hours threshold.,Contractor was marked Absent for not meeting the working hours threshold.
Employee was marked Absent for other half due to missing Employee Checkins.,Contractor was marked Absent for other half due to missing Contractor Checkins.
Employee {0} : {1},Contractor {0} : {1}
Employee {0} already has an Attendance Request {1} that overlaps with this period,Contractor {0} already has an Attendance Request {1} that overlaps with this period
Employee {0} already has an active Shift {1}: {2} that overlaps within this period.,Contractor {0} already has an active Shift {1}: {2} that overlaps within this period.
Employee {0} already submitted an application {1} for the payroll period {2},Contractor {0} already submitted an application {1} for the payroll period {2}
Employee {0} has already applied for Shift {1}: {2} that overlaps within this period,Contractor {0} has already applied for Shift {1}: {2} that overlaps within this period
Employee {0} has already applied for {1} between {2} and {3} : {4},Contractor {0} has already applied for {1} between {2} and {3} : {4}
"Employee {0} has already claimed the benefit '{1}' for {2} ({3}).<br>To prevent overpayments, only one claim per benefit type is allowed in each payroll cycle.","Contractor {0} has already claimed the benefit '{1}' for {2} ({3}).<br>To prevent overpayments, only one claim per benefit type is allowed in each payroll cycle."
Employee {0} is not active or does not exist,Contractor {0} is not active or does not exist
Employee {0} is on Leave on {1},Contractor {0} is on Leave on {1}
Employee {0} not found in Training Event Participants.,Contractor {0} not found in Training Event Participants.
Employee {0} on Half day on {1},Contractor {0} on Half day on {1}
Employee {0} relieved on {1} must be set as 'Left',Contractor {0} relieved on {1} must be set as 'Left'
Employee: {0} have to complete minimum {1} years for gratuity,Contractor: {0} have to complete minimum {1} years for gratuity
Employees,Contractors
Employees HTML,Contractors HTML
Employees Joining (This Quarter),Contractors Joining (This Quarter)
Employees Relieving (This Quarter),Contractors Relieving (This Quarter)
Employees Working on a Holiday,Contractors Working on a Holiday
Employees cannot give feedback to themselves. Use {0} instead: {1},Contractors cannot give feedback to themselves. Use {0} instead: {1}
Employees currently marked Active.,Contractors currently marked Active.
Employees on Half Day HTML,Contractors on Half Day HTML
Employees on leave this month,Contractors on leave this month
Employees on leave today,Contractors on leave today
Employees who logged at least one entry.,Contractors who logged at least one entry.
Employees will miss holiday reminders from {} until {}. <br> Do you want to proceed with this change?,Contractors will miss holiday reminders from {} until {}. <br> Do you want to proceed with this change?
Employees with time,Contractors with time
Employees without Feedback: {0},Contractors without Feedback: {0}
Employees without Goals: {0},Contractors without Goals: {0}
Employees working on a holiday,Contractors working on a holiday
Enabled only for Employee Benefit components from Salary Structure Assignment,Enabled only for Contractor Benefit components from Salary Structure Assignment
Enter the Standard Working Hours for a normal work day. These hours will be used in calculations of reports such as Employee Hours Utilization and Project Profitability analysis.,Enter the Standard Working Hours for a normal work day. These hours will be used in calculations of reports such as Contractor Hours Utilization and Project Profitability analysis.
Exchange rate of Payment Entry against Employee Advance,Exchange rate of Payment Entry against Contractor Advance
Exit Interview {0} already exists for Employee: {1},Exit Interview {0} already exists for Contractor: {1}
Failed to create/submit {0} for employees:,Failed to create/submit {0} for contractors:
Failed to {0} {1} for employees:,Failed to {0} {1} for contractors:
Feedback cannot be recorded for an absent Employee.,Feedback cannot be recorded for an absent Contractor.
Fetching Employees,Fetching Contractors
Fictional employee drafts.,Fictional contractor drafts.
Filter Employees,Filter Contractors
For Employee,For Contractor
From Date {0} cannot be after employee's relieving Date {1},From Date {0} cannot be after contractor's relieving Date {1}
From Date {0} cannot be before employee's joining Date {1},From Date {0} cannot be before contractor's joining Date {1}
From Employee,From Contractor
From date can not be less than employee's joining date,From date can not be less than contractor's joining date
From date can not be less than employee's joining date.,From date can not be less than contractor's joining date.
Get Employees,Get Contractors
Goal should be owned by the same employee as its parent goal.,Goal should be owned by the same contractor as its parent goal.
HR changed material values; employee confirmation is required.,HR changed material values; contractor confirmation is required.
HR must complete these invoice settings in the Employee record: {0}.,HR must complete these invoice settings in the Contractor record: {0}.
Half Day Marked Employee Header,Half Day Marked Contractor Header
Host Employee,Host Contractor
Host Employee Name,Host Contractor Name
"If checked, Payroll Payable will be booked against each employee","If checked, Payroll Payable will be booked against each contractor"
"If enabled, auto attendance will be marked on holidays if Employee Checkins exist","If enabled, auto attendance will be marked on holidays if Contractor Checkins exist"
"If enabled, this component allows to accrue amounts without adding them to earnings. The accrued balance is tracked in the Employee Benefit Ledger and can be paid out later as needed.","If enabled, this component allows to accrue amounts without adding them to earnings. The accrued balance is tracked in the Contractor Benefit Ledger and can be paid out later as needed."
"If greater than zero, this sets the maximum benefit amount assignable to any employee","If greater than zero, this sets the maximum benefit amount assignable to any contractor"
Invalid employee filter: {0},Invalid contractor filter: {0}
Invoice data changed. Employee confirmation is required again.,Invoice data changed. Contractor confirmation is required again.
LWP Days Reversed ({0}) does not match actual Payroll Corrections total ({1}) for employee {2} from {3} to {4},LWP Days Reversed ({0}) does not match actual Payroll Corrections total ({1}) for contractor {2} from {3} to {4}
Last Known Successful Sync of Employee Checkin. Reset this only if you are sure that all Logs are synced from all the locations. Please don't modify this if you are unsure.,Last Known Successful Sync of Contractor Checkin. Reset this only if you are sure that all Logs are synced from all the locations. Please don't modify this if you are unsure.
Leave Policy: {0} already assigned for Employee {1} for period {2} to {3},Leave Policy: {0} already assigned for Contractor {1} for period {2} to {3}
Loan cannot be repayed from salary for Employee {0} because salary is processed in currency {1},Loan cannot be repayed from salary for Contractor {0} because salary is processed in currency {1}
Mark attendance based on 'Employee Checkin' for Employees assigned to this shift.,Mark attendance based on 'Contractor Checkin' for Contractors assigned to this shift.
New Employee ID,New Contractor ID
No Employee Found,No Contractor Found
No Employee found for the given employee field value. '{}': {},No Contractor found for the given contractor field value. '{}': {}
No Employees Selected,No Contractors Selected
No Holiday List was found for Employee {0} or their company {1} for date {2}. Please assign through {3},No Holiday List was found for Contractor {0} or their company {1} for date {2}. Please assign through {3}
No Leaves Allocated to Employee: {0} for Leave Type: {1},No Leaves Allocated to Contractor: {0} for Leave Type: {1}
No Salary Slip found for Employee: {0},No Salary Slip found for Contractor: {0}
No Salary Slips with {0} found for employee {1} for payroll period {2}.,No Salary Slips with {0} found for contractor {1} for payroll period {2}.
No Salary Structure Assignment found for employee {0} on date {1},No Salary Structure Assignment found for contractor {0} on date {1}
No Salary Structure Assignment found for employee {0} on or before {1},No Salary Structure Assignment found for contractor {0} on or before {1}
No Salary Structure assigned to Employee {0} on the given date {1},No Salary Structure assigned to Contractor {0} on the given date {1}
No active Salary Structure Assignment found for employee {0} with salary structure {1} on or after arrear start date {2},No active Salary Structure Assignment found for contractor {0} with salary structure {1} on or after arrear start date {2}
No active employee found associated with the email ID {0}. Try logging in with your employee email ID or contact your HR manager for access.,No active contractor found associated with the email ID {0}. Try logging in with your contractor email ID or contact your HR manager for access.
No active employee is linked to your user account.,No active contractor is linked to your user account.
No active employee record found for the current user.,No active contractor record found for the current user.
No active employee record found for this user,No active contractor record found for this user
No active or default Salary Structure found for employee {0} for the given dates,No active or default Salary Structure found for contractor {0} for the given dates
No attendance records found for employee {0} between {1} and {2},No attendance records found for contractor {0} between {1} and {2}
No employees found,No contractors found
No employees found for the mentioned criteria:<br>Company: {0}<br> Currency: {1}<br>Payroll Payable Account: {2},No contractors found for the mentioned criteria:<br>Company: {0}<br> Currency: {1}<br>Payroll Payable Account: {2}
No employees found for the selected criteria,No contractors found for the selected criteria
No employees found with selected filters and active salary structure,No contractors found with selected filters and active salary structure
No leave record found for employee {0} on {1},No leave record found for contractor {0} on {1}
No salary slips found for the selected employee from {0},No salary slips found for the selected contractor from {0}
Number Of Employees,Number Of Contractors
Number of Employees on Leave (This Month),Number of Contractors on Leave (This Month)
Number of Employees on Leave (Today),Number of Contractors on Leave (Today)
Only Employee Grievance with status {0} or {1} can be submitted,Only Contractor Grievance with status {0} or {1} can be submitted
Only one weekly timesheet is allowed per employee and week.,Only one weekly timesheet is allowed per contractor and week.
Optional Leaves are holidays that Employees can choose to avail from a list of holidays published by the company.,Optional Leaves are holidays that Contractors can choose to avail from a list of holidays published by the company.
Optional. Submitted project time is reviewed by this employee before HR.,Optional. Submitted project time is reviewed by this contractor before HR.
Overtime Slip created for {0} employee(s),Overtime Slip created for {0} contractor(s)
Overtime Slips submitted for {0} employee(s),Overtime Slips submitted for {0} contractor(s)
Payroll Employee Detail,Payroll Contractor Detail
Payroll date can not be greater than employee's relieving date.,Payroll date can not be greater than contractor's relieving date.
Payroll date can not be less than employee's joining date.,Payroll date can not be less than contractor's joining date.
Pending Employee Confirmation,Pending Contractor Confirmation
Please assign a Salary Structure for Employee {0} applicable from or before {1} first,Please assign a Salary Structure for Contractor {0} applicable from or before {1} first
Please delete the Employee {0} to cancel this document,Please delete the Contractor {0} to cancel this document
"Please fill in Employee, Posting Date, and Company before fetching overtime details.","Please fill in Contractor, Posting Date, and Company before fetching overtime details."
Please select Employee,Please select Contractor
Please select Employee first.,Please select Contractor first.
Please select at least one employee to perform this action.,Please select at least one contractor to perform this action.
Please select employee first,Please select contractor first
Please select employees to create appraisals for,Please select contractors to create appraisals for
Please select the employees you want to mark attendance for.,Please select the contractors you want to mark attendance for.
Please set Relieving Date for employee: {0},Please set Relieving Date for contractor: {0}
Please set cost to company(CTC) for employee {0} in the {1},Please set cost to company(CTC) for contractor {0} in the {1}
Please set employee's total cost to company to see CTC breakup.,Please set contractor's total cost to company to see CTC breakup.
Please set the Appraisal Template for all the {0} or select the template in the Employees table below.,Please set the Appraisal Template for all the {0} or select the template in the Contractors table below.
Please set the Date Of Joining for employee {0},Please set the Date Of Joining for contractor {0}
Please set the relieving date for employee {0},Please set the relieving date for contractor {0}
Please set {0} for Employee {1},Please set {0} for Contractor {1}
Please set {0} for the Employee: {1},Please set {0} for the Contractor: {1}
Please setup Employee Naming System in Human Resource > HR Settings,Please setup Contractor Naming System in Human Resource > HR Settings
Process Payroll Accounting Entry based on Employee,Process Payroll Accounting Entry based on Contractor
Reject Employee Referral,Reject Contractor Referral
Required for Employee Creation,Required for Contractor Creation
Return to employee,Return to contractor
Review employee weeks after project approval or direct routing to HR.,Review contractor weeks after project approval or direct routing to HR.
Review various other settings related to Employee Leaves and Expense Claim,Review various other settings related to Contractor Leaves and Expense Claim
Salary Component {0} cannot be selected more than once in Employee Benefits,Salary Component {0} cannot be selected more than once in Contractor Benefits
Salary Component {0} must be of type 'Earning' to be used in Employee Benefit Ledger,Salary Component {0} must be of type 'Earning' to be used in Contractor Benefit Ledger
Salary Slip of employee {0} already created for this period,Salary Slip of contractor {0} already created for this period
Salary Slip of employee {0} already created for time sheet {1},Salary Slip of contractor {0} already created for time sheet {1}
"Salary Slips already exist for employees {}, and will not be processed by this payroll.","Salary Slips already exist for contractors {}, and will not be processed by this payroll."
Salary Structure Assignment for Employee already exists,Salary Structure Assignment for Contractor already exists
Salary Structure Assignment not found for employee {0} on date {1},Salary Structure Assignment not found for contractor {0} on date {1}
Salary Structure not assigned for employee {0} for date {1},Salary Structure not assigned for contractor {0} for date {1}
Salary Withholding {0} already exists for employee {1} for the selected period,Salary Withholding {0} already exists for contractor {1} for the selected period
"Search employee, project or activity","Search contractor, project or activity"
Search employees...,Search contractors...
Section returned to the employee,Section returned to the contractor
Select Employees,Select Contractors
Select an employee to get the employee advance.,Select a contractor to get the contractor advance.
Select the Employee for which you want to allocate leaves.,Select the Contractor for which you want to allocate leaves.
Select the Employee.,Select the Contractor.
"Select type of leave the employee wants to apply for, like Sick Leave, Privilege Leave, Casual Leave, etc.","Select type of leave the contractor wants to apply for, like Sick Leave, Privilege Leave, Casual Leave, etc."
Selected employee advance is not of employee {0},Selected contractor advance is not of contractor {0}
Selected employee advance is not of employee {},Selected contractor advance is not of contractor {}
Sending Failed due to missing email information for employee(s): {1},Sending Failed due to missing email information for contractor(s): {1}
Set Relieving Date for Employee: {0},Set Relieving Date for Contractor: {0}
Set filters to fetch employees,Set filters to fetch contractors
Set optional filters to fetch employees in the appraisee list,Set optional filters to fetch contractors in the appraisee list
Set the properties that should be updated in the Employee master on promotion submission,Set the properties that should be updated in the Contractor master on promotion submission
Set {0} for selected employees,Set {0} for selected contractors
Shift Assignment: {0} created for Employee: {1},Shift Assignment: {0} created for Contractor: {1}
Show Employee,Show Contractor
"Skipping Salary Structure Assignment for the following employees, as Salary Structure Assignment records already exists against them. {0}","Skipping Salary Structure Assignment for the following contractors, as Salary Structure Assignment records already exists against them. {0}"
Strictly based on Log Type in Employee Checkin,Strictly based on Log Type in Contractor Checkin
Submit this to create the Employee record,Submit this to create the Contractor record
Successfully created {0} for employees:,Successfully created {0} for contractors:
Successfully {0} {1} for the following employees:,Successfully {0} {1} for the following contractors:
The employee and week cannot be changed during correction.,The contractor and week cannot be changed during correction.
The employee on a saved expense claim cannot be changed.,The contractor on a saved expense claim cannot be changed.
The employee on a saved request cannot be changed.,The contractor on a saved request cannot be changed.
"The salary slip emailed to the employee will be password protected, the password will be generated based on the password policy.","The salary slip emailed to the contractor will be password protected, the password will be generated based on the password policy."
The time before the shift start time during which Employee Check-in is considered for attendance.,The time before the shift start time during which Contractor Check-in is considered for attendance.
There are multiple shifts assigned to the employee for the same period. Please mention the shift,There are multiple shifts assigned to the contractor for the same period. Please mention the shift
There's no Employee with Salary Structure: {0}. Assign {1} to an Employee to preview Salary Slip,There's no Contractor with Salary Structure: {0}. Assign {1} to a Contractor to preview Salary Slip
"These leaves are holidays permitted by the company however, availing it is optional for an Employee.","These leaves are holidays permitted by the company however, availing it is optional for a Contractor."
This employee already has a log with the same timestamp.{0},This contractor already has a log with the same timestamp.{0}
This field allows you to set the maximum number of consecutive leaves an Employee can apply for.,This field allows you to set the maximum number of consecutive leaves a Contractor can apply for.
This invoice is not editable by the employee.,This invoice is not editable by the contractor.
This is based on the attendance of this Employee,This is based on the attendance of this Contractor
Three fictional employees have no time logged.,Three fictional contractors have no time logged.
Timesheet or invoice data changed after employee confirmation.,Timesheet or invoice data changed after contractor confirmation.
To date can not be greater than employee's relieving date.,To date can not be greater than contractor's relieving date.
To date can not greater than employee's relieving date,To date can not greater than contractor's relieving date
"Too many time entries. Narrow the date range, project or employee filter.","Too many time entries. Narrow the date range, project or contractor filter."
Total allocated leaves are more than maximum allocation allowed for {0} leave type for employee {1} in the period,Total allocated leaves are more than maximum allocation allowed for {0} leave type for contractor {1} in the period
Total of all employee benefits cannot be greater that Max Benefits Amount {0},Total of all contractor benefits cannot be greater that Max Benefits Amount {0}
Total salary booked against this component for this employee from the beginning of the year (payroll period or fiscal year) up to the current salary slip's end date.,Total salary booked against this component for this contractor from the beginning of the year (payroll period or fiscal year) up to the current salary slip's end date.
Total salary booked for this employee from the beginning of the month up to the current salary slip's end date.,Total salary booked for this contractor from the beginning of the month up to the current salary slip's end date.
Total salary booked for this employee from the beginning of the year (payroll period or fiscal year) up to the current salary slip's end date.,Total salary booked for this contractor from the beginning of the year (payroll period or fiscal year) up to the current salary slip's end date.
Training Event Employee,Training Event Contractor
Training Result Employee,Training Result Contractor
Transactions cannot be created for an Inactive Employee {0}.,Transactions cannot be created for an Inactive Contractor {0}.
Unlink Payment on Cancellation of Employee Advance,Unlink Payment on Cancellation of Contractor Advance
Unlinked Attendance record from Employee Checkins: {},Unlinked Attendance record from Contractor Checkins: {}
Unmarked Employee Header,Unmarked Contractor Header
Unmarked Employees HTML,Unmarked Contractors HTML
Unpaid Leave cannot cross the employee anniversary date.,Unpaid Leave cannot cross the contractor anniversary date.
Use the company assigned to your employee profile.,Use the company assigned to your contractor profile.
Validating Employee Attendance...,Validating Contractor Attendance...
What should the employee change?,What should the contractor change?
"When set to 'Inactive', employees with conflicting active shifts will not be excluded.","When set to 'Inactive', contractors with conflicting active shifts will not be excluded."
"You are viewing fictional preview data. No employee, timesheet, leave, expense, or invoice records were created.","You are viewing fictional preview data. No contractor, timesheet, leave, expense, or invoice records were created."
You cannot reverse more than the total LWP days {0}. You have already reversed {1} days for this employee.,You cannot reverse more than the total LWP days {0}. You have already reversed {1} days for this contractor.
Your employee mapping changed. Please contact HR.,Your contractor mapping changed. Please contact HR.
e.g. Employee Handbook,e.g. Contractor Handbook
or for the Employee's Department: {0},or for the Contractor's Department: {0}
{0} already allocated for Employee {1} for period {2} to {3},{0} already allocated for Contractor {1} for period {2} to {3}
{0} already exists for employee {1} and period {2},{0} already exists for contractor {1} and period {2}
{0} is an Accrual Component and this will be recorded as a payout in Employee Benefits Ledger,{0} is an Accrual Component and this will be recorded as a payout in Contractor Benefits Ledger
{0} to {1} employee(s)?,{0} to {1} contractor(s)?
"{0}: Employee email not found, hence email not sent","{0}: Contractor email not found, hence email not sent"
